watch_id,member_id,name,price,description,category,register_date,warranty,selling,likes,grade
1,5,AUDEMARS PIGUET(USED)오데마피게 로얄오크 오프셔 크로노 26740OR,122500000,참조: 26470OR.OO.A125CR.01,quartz,2023-02-08 1:56,2,0,0,BRONZE
2,5,Rolex(USED)로렉스 에버로즈 데이토나 116505,56000000,"REF : 116505

사이즈 : 40mm

소재 : 18K로즈골드

다이얼 : 초코

무브먼트 : 오토메틱

글래스 : 사파이어크리스탈

밴드 : 18K로즈골드

방수 : 100M

구성 : 개런티(16Y), 여분링크 ",quartz,2022-12-05 23:18,2,0,0,BRONZE
3,3,IWC(USED)IWC 포르투기저 크로노 IW371415,20000000,G-3 Class,quartz,2022-10-14 18:06,0,0,0,BRONZE
4,3,ROLEX(USED)롤렉스 데이저스트26 179171,17800000,"G Class

 

Ref : 179171 

사이즈 : 26mm

소재 : 18K로즈골드, S스틸

인덱스 : 10P

다이얼 : 운석판

무브먼트 : 오토매틱

글래스 : 사파이어 크리스탈

밴드 : 18K로즈골드, S스틸

방수 : 100M

구성 :  개런티(15y), 여유링크, 책자",Automatic,2022-12-28 19:25,1,0,0,BRONZE
5,4,CARTIER(USED)까르띠에 팬더 골드,13500000,"소재 : G  Class

 

  

소재 :  18K 옐로우골드

다이얼 : 화이트

무브먼트 : 쿼츠

글래스 : 사파이어크리스탈

밴드 :  18K 옐로우골드

방수 : 30M핑크골드",Automatic,2022-12-05 1:22,0,0,0,BRONZE
6,3,ROLEX(USED)롤렉스 데이져스트 16013,8500000,"EX Class

 

REF : 16013

사이즈 : 36mm

소재 : 옐로우골드, S스틸

다이얼 : 샴페인 , 바인덱스

무브먼트 : 오토매틱

글래스 : 운모 글라스

방수 : 100M

기타 : 22년 9월 20일 롤렉스 A/S 오버홀 및 폴리싱 완료",Automatic,2022-10-20 9:55,1,0,0,BRONZE
7,4,CHANEL(NEW)샤넬 프리미에르 체인 워치 (새상품) NEW PRODUCT,9500000,새상품 NEW PRODUCT,Automatic,2023-01-30 22:42,1,0,0,BRONZE
8,3,ROLEX(USED)롤렉스 데이저스트31 78273,8500000,"G Class

 

REF : 78273

사이즈 : 31mm

소재 : 18K 옐로우골드, S스틸

다이얼 : 화이트 컴퓨터판

인덱스 : 아랍 인덱스

무브먼트 : 오토매틱

글래스 : 사파이어크리스탈

방수 : 100M

구성 : 단품 (Y각인)",Automatic,2022-11-14 17:26,2,0,0,BRONZE
9,1,OMEGA(USED)오메가 씨마스터 플래닛 오션 600M,8000000,G Class,quartz,2023-02-28 23:53,2,0,0,BRONZE
10,4,IWC(USED) IWC 포르투기저 크로노그래프,7000000,"EX Class

 

 

22년 구매

 

구성품: 단품",quartz,2022-10-09 8:52,1,0,0,BRONZE
11,5,TAG Heuer(USED)태그호이어 그랜드 까레라 WAV5113,2800000,"G Class

 

REF : WAV5113

사이즈 : 43mm

소재 : S스틸

다이얼 : 브라운

무브먼트 : 오토메틱

글래스 : 사파이어크리스탈

밴드 : S스틸

방수 : 100M

구성 : 케이스, 해외구매영수증(12Y), 메뉴얼북",Automatic,2023-03-11 16:14,1,0,0,SILVER
12,2,GUCCI(USED)구찌 스틸 워치 YA12633 126.3,1200000,"EX Class 

 

Ref: YA12633",Automatic,2022-12-06 23:27,0,0,0,SILVER
13,3,CARTIER(USED)까르띠에 탱크 프랑세즈 스틸 오토 라지,3500000,G Class?,Automatic,2022-11-23 18:32,1,0,0,SILVER
14,4,GUCCI(USED)구찌 G 타임리스 여성 워치 YA126595,660000,G Class,Automatic,2022-12-27 6:38,1,0,0,SILVER
15,4,ROLEX(USED)롤렉스 데이저스트28 스틸 279174 (새상품) NEW PRODUCT,16300000,새상품 NEW PRODUCT,Automatic,2023-02-21 23:23,2,0,0,SILVER
16,3,ROLEX(USED)롤렉스 서브마리너 116610LV,27000000,"G Class 

 

REF : 116610LV

사이즈 : 40mm

소재 : S스틸

다이얼 : 그린

무브먼트 : 오토매틱

글래스 : 사파이어 크리스탈

밴드 : S스틸

방수 : 300M

구성 : 케이스, 개런티(19y)",Automatic,2022-10-18 10:17,0,0,0,SILVER
17,4,HERMES(USED)에르메스 케이프코드 다이아 베젤 CC1.730,6500000,EX-Q Class,Automatic,2022-11-14 2:19,0,0,0,SILVER
18,2,Rolex(USED)로렉스 에버로즈 데이토나 116505,60000000,G Class?,Automatic,2022-10-29 22:12,2,0,0,SILVER
19,2,AUDEMARS PIGUET(USED)오데마피게 로얄오크 오프셔 다이버 15720,55000000,EX Class?,Automatic,2023-01-17 2:50,0,0,0,GOLD
20,2,HUBLOT(USED)위블로 빅뱅 유니코 킹 골드 45MM,36000000,"EX Class 

 

REF : 411.OX.1180.RX

사이즈 : 45mm

소재 : 18K핑크골드

다이얼 : 스켈레톤 다이얼

무브먼트 : 오토메틱

글래스 : 사파이어크리스탈

밴드 : 가죽밴드, 디버클

방수 : 100M

구성 : 케이스",Automatic,2022-11-24 20:59,0,0,0,GOLD
21,2,ROLEX(USED)롤렉스 데이저스트28 10P 다이아 콤비 279173,19800000,"G Class

 

REF : 279173

사이즈 : 28mm

소재 :  S스틸, 18K옐로우골드

다이얼 : 실버

인덱스 : 10P 다이아

무브먼트 : 오토매틱

글래스 : 사파이어 크리스탈

밴드 :  S스틸, 18K옐로우골드

방수 : 100M

구성 : 쇼핑백, 케이스, 개런티(19y), 메뉴얼북, 여분링크 6개, 그린씰",Automatic,2022-12-16 0:51,1,0,0,GOLD
22,1,ROLEX(USED)롤렉스 서브마리너 126610LN,18800000,EX-Q Class?,Automatic,2022-10-25 18:21,2,0,0,GOLD
23,5,ROLEX(USED)롤렉스 서브마리너 116613LN,18000000,"G Class 

 

REF : 116613LN

사이즈 : 40mm

소재 : 18K옐로우골드 ,S스틸

다이얼 : 블랙

무브먼트 : 오토메틱

글래스 : 사파이어 크리스탈

밴드 : 18K 옐로우골드 , S스틸

방수 : 300M

구성품 : 단품",Automatic,2022-10-25 10:12,2,0,0,GOLD
24,4,ROLEX(USED)롤렉스 데이저스트 126231,13800000,EX-Q Class,Automatic,2022-10-13 19:24,0,0,0,GOLD
25,4,CHANEL(USED)샤넬 J12 블랙 세라믹 오토 H1626,9510000,G Class,Automatic,2022-11-27 5:54,2,0,0,GOLD
26,5,ROLEX(USED)롤렉스 데이저스트 26 179160,7500000,"G-1 Class

 

REF : 179160

사이즈 : 26mm

소재 :  S스틸

다이얼 : 청녹색

인덱스 :  로만

무브먼트 : 오토매틱

글래스 : 사파이어크리스탈

밴드 :  S스틸

구성 : 상자, 케이스, 개런티(11y), 설명서, 여분링크 2개, 그린씰",Automatic,2023-03-17 3:27,0,0,0,GOLD
27,5,OMEGA(USED)오메가 레이디 컨스틸레이션 쿼츠,3060000,G Class,quartz,2022-12-12 19:40,2,0,0,GOLD
28,2,HERMES(USED)에르메스 H아워 HH1.210 워치,2000000,G Class,quartz,2022-10-21 6:49,1,0,0,GOLD
29,5,GUCCI(USED)구찌 킹스네이크 다이브 스틸 워치 136.2,800000,"G Class 

 

REF : 136.2

사이즈 : 45mm

소재 : S스틸

무브먼트 : 쿼츠

글래스 : 사파이어 크리스탈

밴드 : S스틸

방수 : 200M

구성 : 케이스",quartz,2022-11-06 17:50,2,0,0,GOLD
